url_path,views_total,views_unique
/cschu/metaphlow/blame/main/nevermore/modules/decon/kraken2.nf,3,1
/cschu/metaphlow,1,1
/cschu/metaphlow/blame/ef0636f24277581c68904322c0847dc2b843a60f/nevermore/modules/decon/kraken2.nf,1,1
/cschu/metaphlow/blob/main/nevermore/modules/decon/kraken2.nf,1,1
/cschu/metaphlow/commits/main,1,1
/cschu/metaphlow/tree/main/metaphlow,1,1
/cschu/metaphlow/tree/main/nevermore,1,1
/cschu/metaphlow/tree/main/nevermore/modules,1,1
/cschu/metaphlow/tree/main/nevermore/modules/decon,1,1
